participant_id	age	sex	handedness	n_contacts_implanted	n_contacts_recorded	native_language	pathology
sub-01	20	F	n/a	133	127	Dutch	pharmaco-resistant epilepsy
sub-02	43	M	n/a	234	127	Dutch	pharmaco-resistant epilepsy
sub-03	24	M	n/a	184	127	Dutch	pharmaco-resistant epilepsy
sub-04	46	F	n/a	117	115	Dutch	pharmaco-resistant epilepsy
sub-05	50	F	n/a	61	60	Dutch	pharmaco-resistant epilepsy
sub-06	16	M	n/a	155	127	Dutch	pharmaco-resistant epilepsy
sub-07	47	M	n/a	134	127	Dutch	pharmaco-resistant epilepsy
sub-08	22	F	n/a	56	54	Dutch	pharmaco-resistant epilepsy
sub-09	20	F	n/a	119	117	Dutch	pharmaco-resistant epilepsy
sub-10	36	M	n/a	124	122	Dutch	pharmaco-resistant epilepsy
