name	type	units	low_cutoff	high_cutoff	description	sampling_frequency	status
LA1	SEEG	µV	0.0	512.0	Left-Cerebral-White-Matter	1024.0	n/a
LA2	SEEG	µV	0.0	512.0	Left-Cerebral-White-Matter	1024.0	n/a
LA3	SEEG	µV	0.0	512.0	Left-Cerebral-White-Matter	1024.0	n/a
LA4	SEEG	µV	0.0	512.0	Left-Inf-Lat-Vent	1024.0	n/a
LA5	SEEG	µV	0.0	512.0	Left-Cerebral-White-Matter	1024.0	n/a
LA6	SEEG	µV	0.0	512.0	Left-Cerebral-White-Matter	1024.0	n/a
LA7	SEEG	µV	0.0	512.0	Left-Cerebral-White-Matter	1024.0	n/a
LA8	SEEG	µV	0.0	512.0	ctx_lh_S_temporal_sup	1024.0	n/a
LA9	SEEG	µV	0.0	512.0	Unknown	1024.0	n/a
LA10	SEEG	µV	0.0	512.0	ctx_lh_S_temporal_sup	1024.0	n/a
LA11	SEEG	µV	0.0	512.0	ctx_lh_G_temp_sup-Lateral	1024.0	n/a
LA12	SEEG	µV	0.0	512.0	ctx_lh_G_temp_sup-Lateral	1024.0	n/a
LA13	SEEG	µV	0.0	512.0	ctx_lh_G_temp_sup-Lateral	1024.0	n/a
LA14	SEEG	µV	0.0	512.0	Unknown	1024.0	n/a
LH1	SEEG	µV	0.0	512.0	Left-Hippocampus	1024.0	n/a
LH2	SEEG	µV	0.0	512.0	Left-Hippocampus	1024.0	n/a
LH3	SEEG	µV	0.0	512.0	Left-Hippocampus	1024.0	n/a
LH4	SEEG	µV	0.0	512.0	Left-Hippocampus	1024.0	n/a
LH5	SEEG	µV	0.0	512.0	Left-Hippocampus	1024.0	n/a
LH6	SEEG	µV	0.0	512.0	Left-Cerebral-White-Matter	1024.0	n/a
LH7	SEEG	µV	0.0	512.0	Left-Cerebral-White-Matter	1024.0	n/a
LH8	SEEG	µV	0.0	512.0	Left-Cerebral-White-Matter	1024.0	n/a
LH9	SEEG	µV	0.0	512.0	Left-Cerebral-White-Matter	1024.0	n/a
LH11	SEEG	µV	0.0	512.0	ctx_lh_G_temporal_middle	1024.0	n/a
LH12	SEEG	µV	0.0	512.0	ctx_lh_G_temporal_middle	1024.0	n/a
RA1	SEEG	µV	0.0	512.0	Right-Hippocampus	1024.0	n/a
RA2	SEEG	µV	0.0	512.0	Right-Hippocampus	1024.0	n/a
RA3	SEEG	µV	0.0	512.0	Right-Hippocampus	1024.0	n/a
RA4	SEEG	µV	0.0	512.0	Right-Inf-Lat-Vent	1024.0	n/a
RA5	SEEG	µV	0.0	512.0	Right-Cerebral-White-Matter	1024.0	n/a
RA6	SEEG	µV	0.0	512.0	Right-Cerebral-White-Matter	1024.0	n/a
RA7	SEEG	µV	0.0	512.0	Right-Cerebral-White-Matter	1024.0	n/a
RA8	SEEG	µV	0.0	512.0	Right-Cerebral-White-Matter	1024.0	n/a
RA9	SEEG	µV	0.0	512.0	Right-Cerebral-White-Matter	1024.0	n/a
RA10	SEEG	µV	0.0	512.0	Right-Cerebral-White-Matter	1024.0	n/a
RA11	SEEG	µV	0.0	512.0	Right-Cerebral-White-Matter	1024.0	n/a
RH1	SEEG	µV	0.0	512.0	Right-Hippocampus	1024.0	n/a
RH2	SEEG	µV	0.0	512.0	Right-Hippocampus	1024.0	n/a
RH3	SEEG	µV	0.0	512.0	Right-Hippocampus	1024.0	n/a
RH4	SEEG	µV	0.0	512.0	Right-Cerebral-White-Matter	1024.0	n/a
RH5	SEEG	µV	0.0	512.0	Right-Cerebral-White-Matter	1024.0	n/a
RH6	SEEG	µV	0.0	512.0	ctx_rh_S_temporal_sup	1024.0	n/a
RH7	SEEG	µV	0.0	512.0	ctx_rh_S_temporal_sup	1024.0	n/a
RH8	SEEG	µV	0.0	512.0	Unknown	1024.0	n/a
RH9	SEEG	µV	0.0	512.0	ctx_rh_S_temporal_sup	1024.0	n/a
RH10	SEEG	µV	0.0	512.0	ctx_rh_G_temporal_middle	1024.0	n/a
RH11	SEEG	µV	0.0	512.0	ctx_rh_G_temporal_middle	1024.0	n/a
RH12	SEEG	µV	0.0	512.0	ctx_rh_G_temporal_middle	1024.0	n/a
RT1	SEEG	µV	0.0	512.0	Right-Hippocampus	1024.0	n/a
RT2	SEEG	µV	0.0	512.0	Right-Hippocampus	1024.0	n/a
RT3	SEEG	µV	0.0	512.0	Right-choroid-plexus	1024.0	n/a
RT4	SEEG	µV	0.0	512.0	Right-Cerebral-White-Matter	1024.0	n/a
RT5	SEEG	µV	0.0	512.0	Right-Cerebral-White-Matter	1024.0	n/a
RT6	SEEG	µV	0.0	512.0	ctx_rh_S_temporal_sup	1024.0	n/a
RT7	SEEG	µV	0.0	512.0	ctx_rh_S_temporal_sup	1024.0	n/a
RT8	SEEG	µV	0.0	512.0	Unknown	1024.0	n/a
RT9	SEEG	µV	0.0	512.0	ctx_rh_S_temporal_sup	1024.0	n/a
RT10	SEEG	µV	0.0	512.0	ctx_rh_S_temporal_sup	1024.0	n/a
RT11	SEEG	µV	0.0	512.0	Right-Cerebral-White-Matter	1024.0	n/a
RT12	SEEG	µV	0.0	512.0	Right-Cerebral-White-Matter	1024.0	n/a
