onset	duration	trial_type	value	sample
0.0009765625	2.0009765625	word	verlost	1
2.001953125	1.001953125	fixation	+	2050
3.00390625	2.001953125	word	terugvinden	3076
5.005859375	1.001953125	fixation	+	5126
6.0078125	2.0	word	er	6152
8.0078125	1.0009765625	fixation	+	8200
9.0087890625	2.0009765625	word	hem	9225
11.009765625	1.0029296875	fixation	+	11274
12.0126953125	2.0009765625	word	tot	12301
14.013671875	1.001953125	fixation	+	14350
15.015625	2.0009765625	word	wat	15376
17.0166015625	1.001953125	fixation	+	17425
18.0185546875	2.0009765625	word	dakker	18451
20.01953125	1.001953125	fixation	+	20500
21.021484375	2.0009765625	word	teruggekregen	21526
23.0224609375	1.001953125	fixation	+	23575
24.0244140625	2.0009765625	word	niet	24601
26.025390625	1.001953125	fixation	+	26650
27.02734375	2.0009765625	word	stiekem	27676
29.0283203125	1.001953125	fixation	+	29725
30.0302734375	2.001953125	word	tussen	30751
32.0322265625	1.001953125	fixation	+	32801
33.0341796875	2.0	word	veel	33827
35.0341796875	1.001953125	fixation	+	35875
36.0361328125	2.0009765625	word	dak	36901
38.037109375	1.001953125	fixation	+	38950
39.0390625	2.001953125	word	waren	39976
41.041015625	1.001953125	fixation	+	42026
42.04296875	2.0	word	naar	43052
44.04296875	1.00390625	fixation	+	45100
45.046875	1.9990234375	word	deur	46128
47.0458984375	1.001953125	fixation	+	48175
48.0478515625	2.0009765625	word	8	49201
50.048828125	1.0	fixation	+	51250
51.048828125	2.0029296875	word	in	52274
53.0517578125	1.001953125	fixation	+	54325
54.0537109375	2.001953125	word	vak	55351
56.0556640625	0.9990234375	fixation	+	57401
57.0546875	2.00390625	word	dat	58424
59.05859375	1.0009765625	fixation	+	60476
60.0595703125	2.0	word	de	61501
62.0595703125	1.0029296875	fixation	+	63549
63.0625	1.9990234375	word	al	64576
65.0615234375	1.0029296875	fixation	+	66623
66.064453125	1.99609375	word	doodsbang	67650
68.060546875	1.005859375	fixation	+	69694
69.06640625	1.998046875	word	zandbak	70724
71.064453125	1.0009765625	fixation	+	72770
72.0654296875	2.005859375	word	sprong	73795
74.0712890625	0.9970703125	fixation	+	75849
75.068359375	2.0068359375	word	als	76870
77.0751953125	0.9990234375	fixation	+	78925
78.07421875	2.0029296875	word	het	79948
80.0771484375	1.0009765625	fixation	+	81999
81.078125	2.0009765625	word	lij	83024
83.0791015625	1.00390625	fixation	+	85073
84.0830078125	2.0009765625	word	kasteel	86101
86.083984375	1.001953125	fixation	+	88150
87.0859375	1.9990234375	word	hun	89176
89.0849609375	1.0029296875	fixation	+	91223
90.087890625	2.001953125	word	direct	92250
92.08984375	1.001953125	fixation	+	94300
93.091796875	2.0	word	helemaal	95326
95.091796875	1.0029296875	fixation	+	97374
96.0947265625	2.0009765625	word	betovering	98401
98.095703125	1.0029296875	fixation	+	100450
99.0986328125	1.9990234375	word	zevenduizend	101477
101.09765625	1.0029296875	fixation	+	103524
102.1005859375	2.0	word	te	104551
104.1005859375	1.0029296875	fixation	+	106599
105.103515625	2.0009765625	word	zijn	107626
107.1044921875	1.0009765625	fixation	+	109675
108.10546875	2.0009765625	word	erheen	110700
110.1064453125	1.001953125	fixation	+	112749
111.1083984375	1.9990234375	word	alsof	113775
113.107421875	1.00390625	fixation	+	115822
114.111328125	2.0009765625	word	zou	116850
116.1123046875	1.0009765625	fixation	+	118899
117.11328125	2.001953125	word	of	119924
119.115234375	1.0	fixation	+	121974
120.115234375	2.001953125	word	nachtegalen	122998
122.1171875	1.001953125	fixation	+	125048
123.119140625	2.001953125	word	5	126074
125.12109375	1.0009765625	fixation	+	128124
126.1220703125	2.0009765625	word	met	129149
128.123046875	1.0029296875	fixation	+	131198
129.1259765625	2.0009765625	word	bevrijd	132225
131.126953125	1.0009765625	fixation	+	134274
132.1279296875	2.0009765625	word	1	135299
134.12890625	1.001953125	fixation	+	137348
135.130859375	2.0009765625	word	totdat	138374
137.1318359375	1.001953125	fixation	+	140423
138.1337890625	2.0009765625	word	moment	141449
140.134765625	1.001953125	fixation	+	143498
141.13671875	2.001953125	word	zonlicht	144524
143.138671875	1.0009765625	fixation	+	146574
144.1396484375	2.0009765625	word	maar	147599
146.140625	1.001953125	fixation	+	149648
147.142578125	2.0009765625	word	zo	150674
149.1435546875	1.0	fixation	+	152723
150.1435546875	2.00390625	word	smeekte	153747
152.1474609375	1.0009765625	fixation	+	155799
153.1484375	2.0009765625	word	daarna	156824
155.1494140625	1.001953125	fixation	+	158873
156.1513671875	2.001953125	word	sok	159899
158.1533203125	1.001953125	fixation	+	161949
159.1552734375	2.0	word	ook	162975
161.1552734375	1.001953125	fixation	+	165023
162.1572265625	2.001953125	word	2	166049
164.1591796875	1.0009765625	fixation	+	168099
165.16015625	2.001953125	word	wegpakte	169124
167.162109375	1.0009765625	fixation	+	171174
168.1630859375	2.0009765625	word	bij	172199
170.1640625	1.0	fixation	+	174248
171.1640625	2.0029296875	word	kin	175272
173.1669921875	1.0009765625	fixation	+	177323
174.16796875	2.001953125	word	bakker	178348
176.169921875	1.0009765625	fixation	+	180398
177.1708984375	2.0	word	10	181423
179.1708984375	1.00390625	fixation	+	183471
180.1748046875	2.001953125	word	mij	184499
182.1767578125	1.0009765625	fixation	+	186549
183.177734375	2.001953125	word	11	187574
185.1796875	1.001953125	fixation	+	189624
186.181640625	2.0009765625	word	verstijfde	190650
188.1826171875	1.0009765625	fixation	+	192699
189.18359375	2.0009765625	word	had	193724
191.1845703125	1.001953125	fixation	+	195773
192.1865234375	2.001953125	word	hij	196799
194.1884765625	1.0009765625	fixation	+	198849
195.189453125	2.0029296875	word	groen	199874
197.1923828125	1.0009765625	fixation	+	201925
198.193359375	2.0009765625	word	je	202950
200.1943359375	0.9990234375	fixation	+	204999
201.193359375	2.00390625	word	wel	206022
203.197265625	1.001953125	fixation	+	208074
204.19921875	2.0009765625	word	struik	209100
206.2001953125	1.001953125	fixation	+	211149
207.2021484375	2.0009765625	word	zanddak	212175
209.203125	1.0	fixation	+	214224
210.203125	2.0029296875	word	en	215248
212.2060546875	1.0009765625	fixation	+	217299
213.20703125	2.0009765625	word	tuwiet	218324
215.2080078125	1.0009765625	fixation	+	220373
216.208984375	2.0029296875	word	schold	221398
218.2119140625	1.0009765625	fixation	+	223449
219.212890625	2.001953125	word	zei	224474
221.21484375	1.0009765625	fixation	+	226524
222.2158203125	2.0009765625	word	dan	227549
224.216796875	1.0029296875	fixation	+	229598
225.2197265625	2.0009765625	word	was	230625
227.220703125	1.0009765625	fixation	+	232674
228.2216796875	2.0	word	haar	233699
230.2216796875	1.0029296875	fixation	+	235747
231.224609375	2.0009765625	word	kwamen	236774
233.2255859375	1.001953125	fixation	+	238823
234.2275390625	2.0009765625	word	een	239849
236.228515625	1.001953125	fixation	+	241898
237.23046875	2.0009765625	word	op	242924
239.2314453125	1.001953125	fixation	+	244973
240.2333984375	1.9990234375	word	pak	245999
242.232421875	1.001953125	fixation	+	248046
243.234375	2.0029296875	word	tak	249072
245.2373046875	1.0009765625	fixation	+	251123
246.23828125	2.0009765625	word	6	252148
248.2392578125	1.001953125	fixation	+	254197
249.2412109375	2.0009765625	word	ze	255223
251.2421875	1.001953125	fixation	+	257272
252.244140625	2.001953125	word	komt	258298
254.24609375	1.0009765625	fixation	+	260348
255.2470703125	2.0	word	binnenplaats	261373
257.2470703125	1.0029296875	fixation	+	263421
258.25	2.001953125	word	juist	264448
260.251953125	1.0009765625	fixation	+	266498
261.2529296875	2.0009765625	word	hoe	267523
263.25390625	1.0029296875	fixation	+	269572
264.2568359375	2.0	word	helft	270599
266.2568359375	1.0009765625	fixation	+	272647
267.2578125	2.001953125	word	hierop	273672
269.259765625	1.001953125	fixation	+	275722
270.26171875	2.0009765625	word	vogeltje	276748
272.2626953125	1.001953125	fixation	+	278797
273.2646484375	2.0009765625	word	nog	279823
275.265625	1.0009765625	fixation	+	281872
276.2666015625	2.0009765625	word	vloog	282897
278.267578125	1.001953125	fixation	+	284946
279.26953125	2.0009765625	word	boomstammen	285972
281.2705078125	1.001953125	fixation	+	288021
282.2724609375	2.0009765625	word	wanneer	289047
284.2734375	1.001953125	fixation	+	291096
285.275390625	2.0009765625	word	`s	292122
287.2763671875	1.0009765625	fixation	+	294171
288.27734375	2.0009765625	word	spreuk	295196
290.2783203125	1.001953125	fixation	+	297245
291.2802734375	2.0009765625	word	mooie	298271
293.28125	1.0029296875	fixation	+	300320
294.2841796875	2.0009765625	word	gefluit	301347
296.28515625	1.001953125	fixation	+	303396
297.287109375	2.0	word	braadde	304422
